,GrLivArea,BedroomAbvGr,Bathrooms,Predicted_Price
0,896,2,1.0,117376.51511309628
1,1329,3,1.5,150798.5448598104
2,1629,3,2.5,200473.39486351938
3,1604,3,2.5,198202.05023227635
4,1280,2,2.0,174683.08307778183
5,1655,3,2.5,202835.59328001214
6,1187,3,2.0,149106.66456874623
7,1465,3,2.5,185573.37408256507
8,1341,2,1.5,169015.80676361857
9,882,2,1.0,116104.56211960016
10,1337,2,2.0,179861.74883701597
11,987,2,1.5,136853.5667852172
12,1092,3,1.5,129266.19775562643
13,1456,3,2.5,184755.69001531758
14,836,2,1.0,111925.28799811297
15,2334,3,2.5,264525.313464573
16,1544,3,2.0,181541.4659028968
17,1698,3,2.0,195532.9488313539
18,1822,3,2.0,206798.81820231935
19,2696,3,2.5,297414.38372497214
20,2250,3,2.5,256893.59550359639
21,1370,2,2.0,182859.92375025677
22,1324,3,2.0,161553.63314795808
23,1145,2,2.0,162417.82206906946
24,1374,3,2.5,177305.6796248404
25,1733,3,2.5,209922.1885294904
26,2475,4,2.5,260208.68070397218
27,1595,2,2.0,203302.02543144408
28,1218,2,2.0,169050.14839229913
29,1468,2,2.0,191763.59470472948
30,1659,3,2.5,203199.00842101104
31,1012,2,1.0,127915.55420206394
32,1494,3,2.0,176998.7766404107
33,2349,4,2.5,248761.10376250726
34,2225,4,2.5,237495.23439154183
35,1488,2,2.0,193580.6704097239
36,1680,2,2.5,222233.95439206666
37,1200,2,2.5,178624.1374722004
38,1200,2,2.5,178624.1374722004
39,1236,2,2.5,181894.8737411904
40,1512,2,2.5,206970.5184701135
41,1080,2,2.5,167721.68324223385
42,1418,1,1.5,193138.56470865864
43,1848,3,2.5,220370.37383320837
44,1492,3,2.0,176817.06906991126
45,1829,4,2.0,190307.77821825587
46,2495,4,2.5,262025.75640896658
47,1891,3,3.0,235486.4438133427
48,1645,4,2.0,173590.68173230713
49,1232,3,1.5,141985.72769058743
50,1209,3,1.0,128686.73341544754
51,1510,3,2.0,178452.43720440625
52,1775,3,2.0,202528.69029558243
53,1728,6,2.0,146877.51294641098
54,2461,3,2.0,264854.3869768913
55,1556,3,2.0,182631.71132589344
56,1128,2,1.0,138454.59329103163
57,1604,4,2.0,169865.67653706856
58,1480,3,2.0,175726.82364691462
59,1143,3,1.0,122690.38358896594
60,1206,3,1.0,128414.17205969838
61,1580,3,1.5,173602.84495749048
62,1337,3,1.0,140316.0179274119
63,1064,2,1.0,132639.95103504945
64,972,3,1.0,107154.38631126357
65,988,2,1.0,125735.06335607063
66,985,2,1.0,125462.50200032146
67,1224,3,1.0,130049.54019419337
68,1175,3,1.5,136807.0619313533
69,1395,2,1.0,162712.55395270724
70,1844,3,1.0,186378.88704902065
71,936,2,1.0,121010.66652308512
72,1347,3,1.0,141224.5557799091
73,1251,3,1.0,132502.59239593585
74,1633,3,1.0,167208.73836132942
75,1245,3,1.0,131957.4696844375
76,832,2,1.0,111561.8728571141
77,1566,3,2.0,183540.2491783907
78,2268,3,3.0,269738.3208524877
79,2256,4,2.0,229102.34451988692
80,1470,2,1.5,180735.94506083263
81,1612,3,1.5,176510.16608548156
82,2068,3,1.5,217939.49215935453
83,765,2,1.0,105474.66924538277
84,1132,2,1.0,138818.0084320305
85,1196,3,1.5,138714.99142159746
86,1453,3,1.5,162064.41423077587
87,1416,3,1.5,158702.82417653617
88,1040,2,1.0,130459.46018905615
89,1536,4,2.0,163687.6191400875
90,1068,2,1.0,133003.36617604835
91,1962,4,1.5,191181.97444207253
92,1560,3,1.5,171785.76925249604
93,1324,3,1.0,139134.9187191655
94,1675,3,2.0,193443.3117706103
95,1224,3,1.5,141258.89740858966
96,1392,3,1.0,145312.97611614654
97,919,3,1.0,102339.13569302834
98,1884,4,1.5,184095.37919259426
99,1680,2,2.0,211024.5971776704
100,1832,4,2.0,190580.33957400502
101,892,3,1.0,99886.08349128586
102,864,2,1.0,114469.19398510517
103,1373,3,1.0,143586.75419640186
104,1440,4,1.5,143756.29854171796
105,1483,1,1.5,199044.06074989052
106,756,2,1.0,104656.98517813528
107,1981,4,2.5,215326.9107906098
108,1610,4,2.0,170410.79924856685
109,1074,3,1.0,116421.47240673515
110,1531,3,1.0,157941.65226585785
111,1172,3,1.0,125325.14336120785
112,1508,1,1.0,190106.04816673725
113,1298,3,2.0,159191.4347314653
114,1433,1,1.5,194501.37148740445
115,1802,3,2.5,216191.09971172118
116,1222,2,2.0,169413.563533298
117,1445,3,2.0,172546.94116317434
118,965,2,1.0,123645.42629532705
119,1692,3,2.5,206197.18333425184
120,1026,3,1.5,123269.84792914483
121,876,3,1.0,98432.42292729032
122,1978,3,2.5,232181.36591567216
123,2098,4,2.5,225956.8036648272
124,848,1,1.0,130142.54990192116
125,640,2,1.0,94117.94608916758
126,992,3,1.0,108971.462016258
127,1196,3,1.0,127505.63420720116
128,1120,2,1.0,137727.76300903386
129,1096,3,1.0,118420.25568222902
130,960,3,1.0,106064.14088826692
131,1296,2,2.0,176136.74364177737
132,856,2,1.0,113742.3637031074
133,2650,6,3.0,253063.41737544668
134,1666,3,1.0,170206.91327457022
135,2133,4,1.5,206717.97171977488
136,2177,5,2.5,216007.23621874367
137,1652,3,2.5,202563.031924263
138,1034,1,1.0,147041.35395836932
139,1191,2,2.0,166597.09619055665
140,540,1,1.0,102159.58404500695
141,1107,2,1.0,136546.66380078747
142,952,3,1.0,105337.31060626915
143,1646,2,2.0,207935.56847917987
144,1916,3,2.5,226548.43123018942
145,1285,3,2.0,158010.33552321894
146,2048,5,3.0,215496.4551359259
147,1346,3,2.0,163552.41642345197
148,1214,2,2.0,168686.73325130023
149,1444,3,2.5,183665.44459232094
150,1264,2,1.0,150810.70808499373
151,1430,3,2.0,171184.13438442856
152,1344,3,2.0,163370.70885295252
153,945,2,1.0,121828.35059033261
154,1092,3,1.5,129266.19775562643
155,1092,3,1.5,129266.19775562643
156,1092,3,1.5,129266.19775562643
157,874,3,1.0,98250.71535679088
158,833,2,1.0,111652.72664236382
159,2432,4,5.0,312348.7540102155
160,1274,3,1.5,145801.58667107573
161,1479,5,2.0,141381.93690004188
162,1803,3,2.5,216281.9534969709
163,1797,3,2.5,215736.8307854726
164,882,2,1.0,116104.56211960016
165,1434,4,2.0,154420.53304461594
166,1608,3,2.5,198565.46537327525
167,2283,4,2.5,242764.75393602566
168,1628,3,2.5,200382.54107826966
169,2522,1,2.0,304650.50083874736
170,1478,2,2.0,192672.1325572267
171,1734,2,2.0,215930.70158115536
172,1382,3,2.5,178032.50990683818
173,1636,3,2.5,201109.37136026743
174,1516,3,2.5,190206.91713030086
175,1190,3,2.0,149379.2259244954
176,1934,3,2.5,228183.7993646844
177,2050,4,2.5,221595.82197284058
178,1671,3,2.0,193079.8966296114
179,2673,4,2.5,278197.730183417
180,1707,3,2.0,196350.63289860138
181,1884,3,2.5,223641.11010219835
182,1874,3,2.5,222732.57224970113
183,1811,3,2.5,217008.78377896867
184,1621,3,2.0,188537.20736712535
185,1116,3,2.0,142656.04581601603
186,1193,3,2.0,149651.78728024458
187,1180,2,1.5,154388.3473384134
188,1050,3,1.5,125450.33877513814
189,864,3,1.0,97342.17750429366
190,864,3,1.0,97342.17750429366
191,987,2,1.5,136853.5667852172
192,987,2,1.5,136853.5667852172
193,1548,3,2.5,193114.23825829197
194,1055,2,2.0,154240.98139659455
195,1456,3,2.5,184755.69001531758
196,1548,3,2.5,193114.23825829197
197,1456,3,2.5,184755.69001531758
198,836,2,1.0,111925.28799811297
199,1120,3,1.0,120600.74652822234
200,2772,4,3.5,309610.96935193206
201,2690,3,2.5,296869.2610134738
202,2020,3,2.0,224787.86768176415
203,2674,2,2.5,312542.6169302898
204,1736,3,2.0,198985.3926708433
205,1782,3,2.0,203164.66679233048
206,2520,5,2.5,247170.08455939812
207,1743,3,2.0,199621.36916759136
208,1531,2,2.0,197487.38317546193
209,1808,3,2.0,205526.86520882326
210,1760,3,2.0,201165.8835168366
211,2452,3,2.0,264036.70290964376
212,2400,4,3.5,275813.3612390356
213,1606,3,2.0,187174.4005883795
214,1358,2,2.0,181769.6783272601
215,1306,1,2.0,194172.2979750861
216,1358,2,2.0,181769.6783272601
217,2492,2,2.5,296007.2280148405
218,2200,3,2.5,252350.9062411103
219,1884,2,2.0,229558.76936861358
220,1456,2,2.0,190673.3492817328
221,1712,3,2.0,196804.90182484998
222,1405,2,2.0,186039.80623399702
223,1456,3,2.5,184755.69001531758
224,1490,3,2.5,187844.7187138081
225,1220,2,2.0,169231.85596279858
226,1374,3,2.5,177305.6796248404
227,1630,3,2.5,200564.2486487691
228,1594,3,2.5,197293.51237977913
229,1489,3,2.5,187753.86492855838
230,1342,3,2.5,174398.35849684934
231,2004,4,2.5,217416.5478513534
232,1374,3,2.5,177305.6796248404
233,1514,3,2.5,190025.20955980144
234,1430,3,2.5,182393.49159882482
235,2312,4,2.5,245399.5137082676
236,1430,3,2.5,182393.49159882482
237,2687,4,2.5,279469.68317691307
238,2063,3,2.0,228694.58044750217
239,2061,3,2.5,239722.23009139905
240,2232,3,2.5,255258.2273691014
241,1696,3,2.0,195351.24126085444
242,1658,3,2.5,203108.1546357613
243,1702,3,2.0,195896.3639723528
244,1432,3,2.0,171365.841954928
245,2490,2,2.0,284616.16322994477
246,1436,3,2.0,171729.25709592685
247,1402,3,2.0,168640.22839743632
248,1530,3,2.0,180269.5129094007
249,1448,2,2.0,189946.51899973504
250,1795,3,2.5,215555.12321497314
251,1836,3,2.0,208070.77119581544
252,1662,3,2.0,192262.21256236391
253,1553,3,2.0,182359.1499701443
254,1653,3,2.5,202653.88570951272
255,1218,3,1.5,140713.7746970913
256,1141,3,1.5,133718.03323286277
257,1158,3,1.5,135262.54758210803
258,1812,3,2.5,217099.6375642184
259,1512,3,2.0,178634.1447749057
260,1114,3,1.5,131264.9810311203
261,1114,3,1.5,131264.9810311203
262,1114,3,2.0,142474.33824551658
263,1450,2,2.0,190128.2265702345
264,2122,4,2.5,228137.2945108205
265,1730,3,2.5,209649.62717374126
266,1332,2,2.0,179407.47991076738
267,1540,3,2.5,192387.4079762942
268,1400,3,2.5,179667.87804133317
269,1882,4,2.0,195123.02883649108
270,980,3,1.0,107881.21659326134
271,864,3,1.0,97342.17750429366
272,864,2,1.0,114469.19398510517
273,1020,3,2.0,133934.08243204278
274,912,3,1.0,101703.15919628029
275,912,3,1.0,101703.15919628029
276,2014,2,2.0,241369.76145107733
277,1755,3,2.5,211920.9718049843
278,3005,3,2.5,325488.20336713595
279,1726,2,2.5,226413.22851355388
280,1256,1,1.5,178420.25149820378
281,1512,2,2.5,206970.5184701135
282,1452,3,2.5,184392.2748743187
283,1694,2,2.0,212296.5501711665
284,1740,2,1.5,205266.46707825738
285,2499,4,2.5,262389.1715499655
286,2067,3,2.5,240267.35280289737
287,2640,5,2.5,258072.53878936468
288,1336,3,2.0,162643.87857095472
289,1216,3,1.0,129322.7099121956
290,2288,4,2.0,232009.665647878
291,864,2,1.0,114469.19398510517
292,1568,3,1.5,172512.5995344938
293,2061,4,2.5,222595.21361058753
294,1320,3,2.0,161190.21800695919
295,894,2,1.0,117194.80754259683
296,864,3,1.0,97342.17750429366
297,1362,3,1.0,142587.36255865492
298,1728,3,2.0,198258.56238884552
299,1313,3,1.5,149344.88429581485
300,1292,3,1.5,147436.9548055707
301,2140,4,2.5,229772.6626453155
302,1576,4,1.0,144903.05612128376
303,960,2,1.0,123191.15736907843
304,1691,2,1.0,189605.27438662478
305,1453,3,2.0,173273.77144517214
306,1567,2,2.0,200758.11944445188
307,1144,3,1.0,122781.23737421565
308,1329,3,1.5,150798.5448598104
309,988,3,2.0,131026.76130405167
310,1202,3,1.0,128050.7569186995
311,1382,3,1.0,144404.43826364932
312,1200,3,1.0,127869.04934820005
313,1866,4,2.0,193669.36827249554
314,1062,3,1.0,115331.2269837385
315,1112,2,1.0,137000.9327270361
316,793,2,1.0,108018.57523237495
317,1031,2,1.0,129641.77612180865
318,1210,2,1.5,157113.96089590507
319,1527,3,1.5,168787.59433925524
320,1200,3,1.0,127869.04934820005
321,792,2,1.0,107927.72144712522
322,1352,4,2.0,146970.52265413874
323,1039,2,1.0,130368.60640380642
324,1078,3,1.0,116784.88754773405
325,2377,3,2.0,257222.6690159147
326,1690,4,2.0,177679.1020685446
327,599,2,1.0,90392.94089392902
328,846,2,1.0,112833.82585061018
329,725,1,1.5,130176.89153060172
330,2544,6,3.0,243432.9161389762
331,1380,3,1.5,155432.0879075462
332,1040,3,1.0,113332.44370824462
333,951,2,1.0,122373.47330183093
334,1105,3,1.0,119237.93974947651
335,1142,2,1.0,139726.54628452772
336,1133,3,1.0,121781.84573646872
337,1041,3,1.0,113423.29749349435
338,732,2,1.0,102476.49433214194
339,1183,3,1.0,126324.53499895478
340,1461,4,2.0,156873.58524635842
341,1495,3,1.0,154670.91599686787
342,1806,4,1.5,177008.783943116
343,941,2,1.0,121464.93544933372
344,1045,3,1.0,113786.71263449323
345,1378,3,1.0,144041.02312265045
346,1944,4,2.0,200755.96352197384
347,1306,3,1.5,148708.9077990668
348,1464,3,2.0,174273.16308291908
349,1558,3,1.5,171604.0616819966
350,1701,4,2.0,178678.49370629154
351,1447,3,1.0,150309.93430488123
352,1328,3,1.5,150707.6910745607
353,861,2,1.0,114196.63262935603
354,612,1,1.0,108701.0565829869
355,792,2,1.0,107927.72144712522
356,1510,3,2.0,178452.43720440625
357,2007,3,2.0,223606.76847351782
358,1288,3,1.0,135864.18245017552
359,816,2,1.0,110108.21229311856
360,1480,3,1.0,153308.10921812203
361,1521,4,1.0,139906.0979325491
362,797,2,1.0,108381.99037337385
363,1432,3,1.0,148947.12752613542
364,1654,3,2.0,191535.38228036612
365,1142,3,1.0,122599.52980371621
366,995,2,1.0,126371.03985281868
367,1582,3,2.0,184993.90974238623
368,1072,2,1.0,133366.78131704722
369,1768,3,2.0,201892.7137988344
370,1944,3,2.0,217882.98000278536
371,2128,4,2.0,217473.06000792256
372,1930,4,2.0,199484.01052847775
373,1427,3,1.0,148492.8585998868
374,1864,6,2.5,170442.98495476937
375,1666,3,1.0,170206.91327457022
376,892,1,1.0,134140.1164529089
377,1403,3,1.5,157521.72496828978
378,704,2,1.0,99932.58834514976
379,1200,3,3.0,172706.47820578518
380,1152,2,2.0,163053.7985658175
381,1112,4,2.0,125165.61419420563
382,1052,3,1.5,125632.04634563759
383,1034,3,1.0,112787.3209967463
384,1774,4,2.0,185310.82002952122
385,1138,3,1.0,122236.11466271733
386,2071,4,1.5,201085.03703429215
387,660,2,1.0,95935.02179416202
388,1383,2,1.0,161622.30852971057
389,1073,2,1.0,133457.63510229695
390,1639,3,1.5,178963.21828722404
391,1089,3,1.0,117784.27918548098
392,1049,2,2.0,153695.8586850962
393,1061,1,1.5,160703.7633745081
394,1338,2,1.5,168743.2454078694
395,1879,3,2.5,223186.84117594972
396,2016,4,1.0,184878.7216311612
397,2228,6,2.0,192304.40557127167
398,1535,4,2.0,163596.76535483776
399,1229,2,1.0,147630.82560125348
400,1513,4,2.0,161597.98207934393
401,2787,6,5.0,310347.8148122437
402,2787,6,5.0,310347.8148122437
403,2787,6,5.0,310347.8148122437
404,1680,1,1.5,216942.25644408562
405,1720,3,2.0,197531.73210684778
406,1468,3,2.0,174636.57822391798
407,1838,3,2.0,208252.4787663149
408,1290,2,2.0,175591.62093027908
409,1254,2,2.0,172320.8846612891
410,1498,3,2.0,177362.1917814096
411,1422,3,2.5,181666.66131682706
412,1759,3,2.5,212284.38694598316
413,990,3,1.0,108789.75444575856
414,1463,3,2.0,174182.30929766933
415,1772,3,2.5,213465.48615422955
416,1444,3,2.0,172456.08737792465
417,1492,3,2.0,176817.06906991126
418,907,3,1.0,101248.89027003168
419,914,2,1.0,119011.88324759123
420,1611,3,2.0,187628.6695146281
421,2184,4,2.5,233770.22919630323
422,1725,3,2.5,209195.35824749264
423,1870,3,2.5,222369.15710870226
424,1513,2,2.0,195852.01504096694
425,1828,3,2.0,207343.94091381764
426,1417,3,2.0,170003.03517618217
427,1602,3,2.0,186810.9854473806
428,1396,3,2.5,179304.4629003343
429,1149,3,1.0,123235.50630046426
430,1072,2,1.0,133366.78131704722
431,876,3,1.0,98432.42292729032
432,1368,3,1.0,143132.48527015324
433,1678,6,2.0,142334.82368392491
434,1560,2,1.0,177703.42851891127
435,1298,3,1.0,136772.72030267274
436,1268,3,1.5,145256.4639595774
437,1242,3,1.5,142894.26554308465
438,1232,3,1.0,130776.37047619114
439,1228,3,1.0,130412.95533519225
440,1567,2,1.5,189548.7622300556
441,1273,2,1.0,151628.39215224123
442,2480,5,2.5,243535.93314940925
443,1112,2,1.0,137000.9327270361
444,1561,3,2.0,183085.98025214204
445,1523,3,2.0,179633.5364126526
446,1906,3,1.5,203221.17894889964
447,1032,2,1.0,129732.62990705838
448,1229,2,1.5,158840.18281564978
449,1229,2,1.5,158840.18281564978
450,1982,3,2.5,232544.78105667105
451,2365,3,2.0,256132.42359291806
452,2168,5,2.0,203980.1949370999
453,572,2,1.0,87939.88869218653
454,1648,2,2.0,208117.27604967932
455,810,1,1.0,126690.10606243173
456,2052,3,2.5,238904.54602415155
457,926,2,1.0,120102.1286705879
458,1287,2,1.5,164109.7023601336
459,1595,2,2.0,203302.02543144408
460,2036,3,2.0,226241.5282457597
461,1641,3,2.0,190354.28307211978
462,2237,3,2.5,255712.49629535
463,1479,3,2.5,186845.3270760612
464,2014,3,2.5,235452.10218466213
465,1978,2,2.0,238099.02518208735
466,1008,3,1.0,110425.12258025355
467,1404,3,2.0,168821.93596793577
468,796,2,1.0,108291.13658812412
469,1091,2,1.0,135093.00323679193
470,883,2,1.0,116195.41590484988
471,1287,3,1.5,146982.6858793221
472,1632,4,1.5,161200.22530966447
473,1604,3,2.5,198202.05023227635
474,1470,3,2.5,186027.6430088137
475,1604,3,2.5,198202.05023227635
476,1636,3,2.5,201109.37136026743
477,1384,3,2.0,167004.86026294134
478,1682,1,1.5,217123.96401458507
479,1280,2,2.0,174683.08307778183
480,1633,3,2.5,200836.81000451828
481,1709,3,2.5,207741.6976834971
482,1337,2,2.0,179861.74883701597
483,2500,5,3.5,267771.7232831962
484,1884,2,2.0,229558.76936861358
485,1474,3,1.0,152762.9865066237
486,1710,2,2.0,213750.21073516205
487,1488,3,2.5,187663.0111433087
488,1688,2,2.0,211751.42745966816
489,1260,3,2.0,155738.9908919759
490,2064,3,2.0,228785.43423275193
491,1782,3,2.0,203164.66679233048
492,1211,3,2.0,151287.15541473957
493,2044,3,2.5,238177.71574215376
494,1308,3,1.5,148890.61536956625
495,2840,4,2.5,293370.3123201205
496,1444,2,2.0,189583.10385873617
497,2340,4,2.5,247943.41969525977
498,1792,4,3.0,209364.90259280876
499,936,2,1.0,121010.66652308512
500,864,3,1.0,97342.17750429366
501,987,2,1.5,136853.5667852172
502,987,2,1.5,136853.5667852172
503,1302,3,2.5,170764.2070868605
504,1456,4,2.5,167628.67353450606
505,1055,2,2.0,154240.98139659455
506,1582,3,2.0,184993.90974238623
507,2464,4,2.5,259209.28906622523
508,1950,2,2.0,235555.11919509518
509,2748,4,2.5,285011.7640771461
510,2790,4,2.5,288827.6230576344
511,2331,3,2.5,264252.7521088238
512,2088,4,2.5,225048.26581232998
513,2332,4,2.5,247216.589413262
514,2470,1,1.5,288716.74679136556
515,1575,2,2.0,201484.94972644967
516,2649,4,2.5,276017.2393374237
517,2690,4,2.5,279742.24453266227
518,1866,2,2.0,227923.4012341186
519,1367,2,2.0,182587.3623945076
520,1800,2,2.0,221927.051407637
521,1342,2,2.0,180316.01776326456
522,1342,2,2.0,180316.01776326456
523,1626,2,2.5,217327.84998858176
524,1455,2,2.0,190582.49549648308
525,1576,2,2.0,201575.80351169937
526,1246,2,2.0,171594.0543792913
527,1515,3,2.5,190116.06334505114
528,1720,3,2.5,208741.08932124404
529,1986,4,2.5,215781.1797168584
530,1358,2,2.0,181769.6783272601
531,1892,3,2.5,224367.94038419612
532,1414,3,2.5,180939.8310348293
533,2322,4,2.5,246308.05156076478
534,1651,3,2.5,202472.17813901327
535,2199,3,2.5,252260.0524558606
536,2172,4,2.5,232679.9837733066
537,2006,2,2.0,240642.9311690796
538,2125,4,2.5,228409.85586656968
539,2501,4,2.5,262570.8791204649
540,2197,4,2.5,234951.32840454963
541,1578,3,2.0,184630.49460138733
542,1861,3,3.0,232760.83025585106
543,1874,3,2.5,222732.57224970113
544,1460,3,2.0,173909.74794192018
545,1372,3,2.0,165914.6148399447
546,1660,3,2.0,192080.50499186447
547,1218,2,2.0,169050.14839229913
548,1696,3,2.5,206560.59847525074
549,1663,3,2.5,203562.4235620099
550,1175,3,1.0,125597.70471695701
551,1162,3,2.0,146835.3199375032
552,1609,3,2.5,198656.31915852497
553,1680,3,2.5,205106.93791125517
554,1657,3,2.5,203017.3008505116
555,1677,3,2.5,204834.37655550602
556,1737,3,2.5,210285.6036704893
557,984,3,1.0,108244.63173426023
558,864,3,1.0,97342.17750429366
559,890,3,1.0,99704.37592078642
560,864,3,1.0,97342.17750429366
561,1430,3,2.0,171184.13438442856
562,1641,4,2.0,173227.26659130823
563,2683,4,2.5,279106.2680359142
564,2786,4,2.5,288464.20791663555
565,1245,1,2.0,188630.2170748531
566,1200,2,2.5,178624.1374722004
567,1392,2,2.0,184858.70702575063
568,1549,3,2.5,193205.0920435417
569,1638,2,2.0,207208.7381971821
570,1310,1,1.5,183326.35590168872
571,1419,2,1.5,176102.40201309684
572,1557,2,2.0,199849.5815919547
573,1404,3,2.5,180031.29318233207
574,1789,3,2.5,215010.00050347482
575,1586,3,2.5,196566.68209778136
576,1607,3,2.5,198474.61158802552
577,2393,2,2.5,287012.703275118
578,1239,1,1.5,176875.7371489585
579,2944,3,3.0,331155.4796812993
580,1671,3,3.0,215498.61105840397
581,1812,3,2.5,217099.6375642184
582,1427,4,2.0,153784.55654786786
583,1740,4,1.5,171012.43411663437
584,1620,4,2.0,171319.3371010641
585,1625,4,2.0,171773.6060273127
586,1464,4,1.5,145936.78938771127
587,925,3,1.0,102884.25840452667
588,1728,6,2.0,146877.51294641098
589,1670,4,1.5,164652.6691491539
590,1014,2,1.0,128097.26177256339
591,1114,3,1.0,120055.62381672401
592,1118,3,1.0,120419.03895772289
593,906,2,1.0,118285.05296559347
594,1496,3,2.0,177180.48421091016
595,1337,3,1.0,140316.0179274119
596,1036,3,1.0,112969.02856724574
597,1988,4,2.5,215962.88728735785
598,1176,3,1.0,125688.55850220674
599,1440,2,2.0,189219.68871773727
600,1570,3,1.0,161484.94989059697
601,1104,3,1.0,119147.0859642268
602,882,2,1.0,116104.56211960016
603,1152,3,1.5,134717.4248706097
604,950,2,1.0,122282.61951658121
605,1790,3,2.0,203891.49707432828
606,1764,4,2.5,195611.63939142026
607,1824,5,2.0,172726.49281119573
608,869,1,1.0,132050.47939216532
609,1159,3,1.0,124144.04415296148
610,672,2,1.0,97025.26721715866
611,1436,3,1.0,149310.5426671343
612,1044,3,1.5,124905.21606363979
613,1312,3,1.5,149254.03051056515
614,1081,3,1.0,117057.44890348321
615,876,2,1.0,115559.43940810184
616,1256,3,1.5,144166.21853658074
617,1027,3,1.0,112151.34449999825
618,1320,3,2.0,161190.21800695919
619,984,2,1.0,125371.64821507173
620,1278,4,1.0,117828.6281168668
621,1800,6,2.0,153418.98548439093
622,1588,3,1.5,174329.67523948825
623,825,2,1.0,110925.89636036605
624,1117,3,1.0,120328.18517247318
625,1133,3,1.0,121781.84573646872
626,1323,3,1.0,139044.06493391577
627,1360,2,1.0,159532.671468967
628,672,2,1.0,97025.26721715866
629,1456,4,1.5,145209.9591057135
630,1594,3,2.0,186084.15516538286
631,1656,2,2.0,208844.1063316771
632,1740,2,1.0,194057.10986386111
633,1027,2,1.0,129278.36098080975
634,1436,3,2.0,171729.25709592685
635,899,2,1.0,117649.07646884542
636,1080,3,1.0,116966.59511823348
637,1499,3,1.0,155034.33113786674
638,407,1,1.0,90076.03060679401
639,1588,5,2.0,151284.9994922615
640,1627,4,2.0,171955.31359781214
641,1450,3,1.0,150582.4956606304
642,1017,2,1.0,128369.82312831256
643,2350,4,2.0,237642.6003333607
644,1540,3,1.5,169968.69354750164
645,1086,2,1.0,134638.73431054334
646,2495,5,2.0,233689.38271375877
647,984,2,1.0,125371.64821507173
648,1093,2,1.0,135274.71080729138
649,1143,2,1.0,139817.40006977745
650,1668,3,1.5,181597.97805946597
651,1738,3,2.0,199167.10024134276
652,1210,3,1.0,128777.58720069726
653,1290,3,1.5,147255.24723507126
654,1672,3,1.5,181961.39320046484
655,949,2,1.0,122191.76573133148
656,1497,3,2.0,177271.33799615985
657,1342,2,2.0,180316.01776326456
658,1013,3,1.0,110879.39150650216
659,1216,3,1.0,129322.7099121956
660,896,2,1.0,117376.51511309628
661,1136,2,1.0,139181.4235730294
662,808,1,1.0,126508.3984919323
663,2009,4,2.0,206661.4595632057
664,1902,4,2.0,196940.10454148552
665,1716,4,2.0,180041.30048503735
666,1984,5,2.0,187263.09845115113
667,1609,3,1.0,165028.24751533612
668,768,1,1.0,122874.24708194344
669,1536,4,1.5,152478.26192569121
670,1969,4,2.0,203027.30815321687
671,1308,2,2.0,177226.98906477407
672,1040,2,1.0,130459.46018905615
673,1236,3,2.0,153558.5000459826
674,759,1,1.0,122056.56301469594
675,1344,3,2.0,163370.70885295252
676,1054,3,1.0,114604.39670174073
677,1075,3,1.0,116512.32619198487
678,1096,3,1.0,118420.25568222902
679,992,3,1.0,108971.462016258
680,1034,3,1.0,112787.3209967463
681,1073,3,1.0,116330.61862148544
682,1126,2,1.0,138272.88572053218
683,1140,3,1.0,122417.82223321676
684,960,3,1.0,106064.14088826692
685,1188,1,1.0,161032.8368868264
686,1721,3,2.0,197622.58589209747
687,1350,2,1.5,169833.49083086607
688,904,3,1.0,100976.32891428252
689,1524,3,2.0,179724.39019790236
690,1079,2,1.0,134002.75781379527
691,1518,2,1.0,173887.56953842298
692,1509,3,1.0,155942.86899036396
693,864,2,1.0,114469.19398510517
694,1269,3,1.5,145347.31774482713
695,2814,4,2.5,291008.11390362773
696,1626,3,2.5,200200.83350777024
697,2200,4,2.5,235223.88976029877
698,2037,3,2.5,237541.7392454057
699,1356,3,2.5,175670.31149034543
700,1615,3,2.0,187992.084655627
701,2276,3,2.0,248046.43670569287
702,1766,3,2.5,212920.3634427312
703,1511,3,2.0,178543.290989656
704,1643,2,2.0,207663.00712343073
705,990,3,1.0,108789.75444575856
706,1418,3,2.0,170093.88896143186
707,1771,3,2.5,213374.63236897983
708,1652,3,2.5,202563.031924263
709,1823,3,2.5,218099.02920196534
710,1174,3,1.0,125506.85093170729
711,1076,3,1.5,127812.5371916309
712,1558,2,2.0,199940.43537720438
713,2161,3,2.5,248807.60861637117
714,1947,3,2.5,229364.8985729308
715,1786,3,2.0,203528.08193332938
716,2327,4,2.5,246762.3204870134
717,1764,3,2.5,212738.6558722318
718,848,1,1.0,130142.54990192116
719,1838,2,2.0,225379.49524712635
720,1445,3,2.0,172546.94116317434
721,1564,3,2.0,183358.54160789124
722,1361,3,2.0,164915.22320219775
723,1092,3,1.0,118056.84054123014
724,1033,3,1.0,112696.46721149658
725,1127,3,1.5,132446.08023936668
726,1117,3,1.0,120328.18517247318
727,1398,3,1.5,157067.4560420412
728,3820,5,3.5,387698.71981282847
729,1152,2,2.0,163053.7985658175
730,1152,2,2.0,163053.7985658175
731,784,2,1.0,107200.89116512745
732,1053,2,1.5,142849.9166116988
733,1137,4,1.5,116227.60161105238
734,930,2,1.0,120465.5438115868
735,1204,3,1.0,128232.46448919894
736,1292,3,1.5,147436.9548055707
737,1424,2,2.0,187766.02815374173
738,1920,4,3.0,220994.1871047731
739,1316,2,1.0,155535.10491797925
740,1264,3,1.0,133683.69160418224
741,1512,3,2.0,178634.1447749057
742,1603,4,1.0,147356.10832302624
743,1938,4,2.0,200210.8408104755
744,1374,3,1.0,143677.60798165156
745,1091,2,1.0,135093.00323679193
746,1873,4,1.5,183095.98755484732
747,2161,3,2.5,248807.60861637117
748,1898,3,2.5,224913.06309569444
749,1032,2,1.0,129732.62990705838
750,919,2,1.0,119466.15217383986
751,1090,3,1.0,117875.1329707307
752,1200,4,1.0,110742.03286738854
753,1656,3,1.5,180507.7326364693
754,912,2,1.0,118830.17567709181
755,1955,4,2.0,201755.35515972078
756,733,2,1.0,102567.34811739167
757,1361,2,1.0,159623.5252542167
758,1049,2,1.0,131277.14425630364
759,864,3,1.5,108551.53471868995
760,1648,2,2.0,208117.27604967932
761,1646,2,2.0,207935.56847917987
762,2032,3,3.0,248296.8275335534
763,1820,3,2.5,217826.46784621617
764,1872,4,3.0,216633.20541278645
765,1689,3,2.0,194715.2647641064
766,1501,2,2.0,194761.76961797028
767,1537,3,2.0,180905.48940614876
768,1780,3,2.5,214192.31643622732
769,1442,3,2.5,183483.7370218215
770,1612,3,2.5,198928.88051427412
771,1495,3,2.0,177089.63042566046
772,1256,3,2.0,155375.57575097703
773,1440,3,2.0,172092.67223692575
774,1675,3,2.0,193443.3117706103
775,1728,3,2.0,198258.56238884552
776,1964,3,2.5,230909.41292217607
777,1344,2,2.0,180497.725333764
778,1092,2,1.0,135183.85702204166
779,1189,2,2.0,166415.3886200572
780,1200,3,1.0,127869.04934820005
781,1040,3,1.0,113332.44370824462
782,1475,4,2.0,158145.5382398545
783,988,2,1.0,125735.06335607063
784,988,1,1.0,142862.07983688213
785,1160,3,1.0,124234.8979382112
786,1092,3,2.5,151684.912184419
787,816,2,1.0,110108.21229311856
788,845,3,1.0,95615.95558454895
789,889,3,1.0,99613.5221355367
790,1836,4,2.0,190943.75471500392
791,1587,3,2.0,185448.17866863482
792,1384,3,2.5,178214.21747733763
793,1694,3,2.5,206378.8909047513
794,1714,3,2.5,208195.9666097457
795,1553,3,2.5,193568.50718454056
796,2299,5,3.5,249510.11244800224
797,1187,3,2.0,149106.66456874623
798,1642,3,2.5,201654.49407176577
799,1128,3,1.0,121327.57681022011
800,1179,2,2.0,165506.85076755998
801,1321,1,1.0,173116.39032503936
802,2541,4,3.5,288623.74495924637
803,2338,4,2.5,247761.71212476035
804,1424,3,1.5,159429.65445853394
805,1612,2,2.0,204846.53978068935
806,2234,1,1.5,267275.25347243133
807,2042,3,2.0,226786.65095725804
808,1284,3,2.0,157919.4817379692
809,1479,3,2.5,186845.3270760612
810,1664,3,2.0,192443.92013286336
811,1930,4,2.5,210693.36774287402
812,1177,3,2.0,148198.12671624904
813,1353,2,2.0,181315.4094010115
814,1220,2,2.0,169231.85596279858
815,1324,3,2.0,161553.63314795808
816,1877,4,2.5,205878.11712463878
817,1422,3,1.0,148038.5896736382
818,914,3,1.0,101884.86676677973
819,914,2,1.0,119011.88324759123
820,1337,2,2.0,179861.74883701597
821,1337,2,2.0,179861.74883701597
822,1092,3,1.5,129266.19775562643
823,1218,4,1.5,123586.7582162798
824,1055,2,2.0,154240.98139659455
825,988,3,1.0,108608.04687525911
826,1816,3,2.0,206253.695490821
827,1694,3,2.0,195169.533690355
828,2122,2,2.5,262391.3274724436
829,2656,3,2.5,293780.23231498327
830,2550,4,2.5,267022.71459770127
831,2046,2,2.5,255486.4397934647
832,2552,3,2.0,273122.081434616
833,2758,4,2.5,285920.3019296433
834,2290,2,2.5,277654.76339439675
835,2152,3,2.5,247989.92454912368
836,2100,3,2.5,243265.52771613817
837,1802,3,2.5,216191.09971172118
838,2956,5,2.5,286782.33492827666
839,2385,3,2.5,269158.85651230876
840,1818,3,2.5,217644.76027571675
841,1614,3,2.0,187901.2308703773
842,1721,3,2.0,197622.58589209747
843,1828,3,2.5,218553.29812821394
844,1302,1,1.5,182599.52561969095
845,1302,1,1.5,182599.52561969095
846,1362,2,2.0,182133.093468259
847,1554,2,2.0,199577.0202362055
848,1577,2,2.0,201666.6572969491
849,1324,2,2.0,178680.6496287696
850,1405,2,2.0,186039.80623399702
851,1496,3,3.0,199599.19863970275
852,1536,3,2.5,192023.9928352953
853,1458,3,2.0,173728.04037142074
854,1495,3,2.5,188298.98764005673
855,1746,3,2.5,211103.2877377368
856,1326,3,2.0,161735.34071845753
857,1504,3,2.5,189116.67170730422
858,1456,3,2.5,184755.69001531758
859,1258,3,2.0,155557.28332147645
860,1589,2,2.0,202756.90271994576
861,1266,2,2.0,173411.13008428575
862,1119,2,2.0,160055.6236525767
863,1374,3,2.5,177305.6796248404
864,1525,3,2.5,191024.60119754836
865,1394,3,2.5,179122.75532983485
866,1948,4,2.5,212328.735877369
867,1995,4,2.5,216598.8637841059
868,1690,3,2.5,206015.4757637524
869,1644,3,2.5,201836.20164226522
870,2551,4,2.5,267113.56838295097
871,3078,4,2.5,314993.51320955413
872,2582,4,2.5,269930.03572569235
873,2385,4,2.5,252031.84003149724
874,2202,4,2.5,235405.59733079822
875,2538,4,2.5,265932.46917470463
876,1369,3,2.0,165642.05348419555
877,1542,3,2.0,181359.75833239735
878,1534,3,2.0,180632.92805039955
879,1966,1,2.0,254135.79623990224
880,1528,3,4.0,224925.2341964864
881,1538,3,2.0,180996.34319139845
882,1506,3,2.0,178089.02206340735
883,1977,3,2.5,232090.51213042243
884,1830,3,2.5,218735.0056987134
885,1338,3,2.0,162825.58614145417
886,1335,3,2.0,162553.02478570503
887,1792,3,2.5,215282.561859224
888,1588,3,3.0,207957.7468826771
889,1880,3,2.5,223277.69496119945
890,1584,2,2.0,202302.63379369714
891,1685,2,2.0,211478.86610391902
892,2443,4,2.5,257301.35957598107
893,1100,3,1.5,129993.0280376242
894,1143,3,1.5,133899.74080336222
895,1094,3,1.0,118238.54811172959
896,1486,3,2.0,176271.94635841297
897,1820,3,2.5,217826.46784621617
898,1266,2,1.5,162201.77286988945
899,894,2,1.0,117194.80754259683
900,1040,3,1.5,124541.80092264092
901,2503,3,2.5,279879.60317177593
902,1037,2,1.0,130186.89883330697
903,1055,2,1.0,131822.26696780196
904,1378,2,2.0,183586.75403225454
905,1151,2,2.0,162962.94478056778
906,1565,2,2.0,200576.41187395246
907,1352,2,2.0,181224.55561576178
908,1550,2,2.5,210422.9623096029
909,1501,3,2.5,188844.11035155505
910,1573,3,2.5,195385.582889535
911,1358,3,2.0,164642.6618464486
912,2048,3,2.5,238541.13088315265
913,2362,3,2.5,267069.2194515652
914,1494,1,1.5,200043.45238763746
915,2362,3,2.5,267069.2194515652
916,2497,2,2.0,285252.1397266928
917,1152,3,1.5,134717.4248706097
918,2411,4,2.5,254394.03844799
919,1082,3,1.0,117148.30268873293
920,1295,3,1.5,147709.5161613199
921,1610,3,2.0,187537.8157293784
922,1594,2,2.0,203211.17164619436
923,2075,3,2.5,240994.18308489514
924,1093,3,2.0,140566.40875527242
925,1052,3,1.0,114422.68913124129
926,1107,3,1.0,119419.64731997596
927,1224,2,2.0,169595.27110379745
928,1074,2,1.0,133548.48888754667
929,1187,2,1.0,143814.9666207652
930,964,3,1.0,106427.5560292658
931,894,3,1.0,100067.7910617853
932,1200,3,2.0,150287.76377699262
933,1042,3,2.0,135932.86570753664
934,2154,5,2.5,213917.59915800008
935,1374,3,1.0,143677.60798165156
936,1652,3,1.5,180144.31749547043
937,908,2,1.0,118466.76053609292
938,666,2,1.0,96480.14450566034
939,670,2,1.0,96843.55964665923
940,808,2,1.0,109381.38201112079
941,1150,2,1.0,140453.3765665255
942,1560,4,2.0,165868.1099860808
943,1280,3,2.0,157556.06659697034
944,1254,3,1.0,132775.153751685
945,936,2,1.0,121010.66652308512
946,1008,3,1.0,110425.12258025355
947,1053,3,1.0,114513.542916491
948,1144,3,1.0,122781.23737421565
949,1721,4,1.0,158076.8549824934
950,922,2,1.0,119738.71352958903
951,1411,3,1.0,147039.19803589126
952,1216,3,1.0,129322.7099121956
953,1154,3,1.5,134899.13244110916
954,1560,4,2.0,165868.1099860808
955,948,2,1.0,122100.91194608179
956,1040,3,1.0,113332.44370824462
957,925,3,1.0,102884.25840452667
958,1540,4,1.0,141632.31985229382
959,925,3,1.0,102884.25840452667
960,1647,3,1.0,168480.6913548255
961,924,2,1.0,119920.42110008845
962,1544,3,2.0,181541.4659028968
963,1728,3,1.0,175839.84796005295
964,3086,4,3.5,338139.0579203445
965,1281,1,2.0,191900.95334384308
966,1534,3,1.5,169423.5708360033
967,1651,4,2.0,174135.80444380548
968,888,3,1.0,99522.66835028697
969,952,3,1.0,105337.31060626915
970,1238,3,1.5,142530.85040208575
971,1040,3,1.0,113332.44370824462
972,1170,3,1.0,125143.4357907084
973,1242,3,1.5,142894.26554308465
974,1377,3,1.0,143950.16933740073
975,925,3,1.0,102884.25840452667
976,864,2,1.0,114469.19398510517
977,936,3,1.0,103883.6500422736
978,960,2,1.0,123191.15736907843
979,1296,3,1.0,136591.0127321733
980,1022,2,1.0,128824.09205456116
981,967,2,1.0,123827.13386582647
982,1072,2,1.0,133366.78131704722
983,1174,2,1.0,142633.8674125188
984,1141,3,1.0,122508.67601846649
985,1798,4,2.5,198700.6680899108
986,1772,3,2.5,213465.48615422955
987,1642,4,1.5,162108.7631621617
988,1232,3,1.0,130776.37047619114
989,1650,3,2.0,191171.96713936728
990,1358,3,1.5,153433.3046320523
991,2454,3,2.0,264218.41048014327
992,968,2,1.0,123917.9876510762
993,1382,1,2.0,201077.18565406496
994,1060,1,1.0,149403.55237486208
995,1435,3,1.0,149219.68888188456
996,1274,3,2.0,157010.943885472
997,1232,3,1.5,141985.72769058743
998,884,2,1.0,116286.26969009961
999,1409,3,1.5,158066.8476797881
1000,1322,4,1.0,121826.19466785455
1001,1426,3,1.0,148402.00481463707
1002,1281,2,1.0,152355.222434239
1003,2264,4,2.5,241038.53201628095
1004,1376,3,1.0,143859.315552151
1005,1316,4,1.0,121281.07195635623
1006,1344,3,1.5,152161.35163855623
1007,1173,3,2.0,147834.71157525014
1008,1214,2,1.0,146268.01882250767
1009,2294,5,3.0,237846.48630735738
1010,1952,4,1.5,190273.4365895753
1011,2180,3,1.5,228115.11610732332
1012,1315,3,2.0,160735.9490807106
1013,1484,3,2.0,176090.23878791352
1014,2267,3,1.5,236019.3954240491
1015,1282,2,1.0,152446.07621948872
1016,999,3,1.0,109607.43851300605
1017,1452,2,1.0,167891.21971194138
1018,1005,3,1.0,110152.56122450437
1019,1020,3,2.0,133934.08243204278
1020,1040,3,1.0,113332.44370824462
1021,868,2,1.0,114832.60912610407
1022,897,3,1.0,100340.35241753446
1023,943,2,1.0,121646.64301983317
1024,912,3,1.0,101703.15919628029
1025,1375,3,1.0,143768.46176690128
1026,2654,4,3.0,287680.8654780686
1027,1302,2,1.5,165472.50913887942
1028,1299,3,1.0,136863.57408792246
1029,1176,3,1.0,125688.55850220674
1030,998,3,1.0,109516.58472775633
1031,1522,3,2.0,179542.68262740292
1032,1325,3,2.0,161644.48693320778
1033,1630,3,2.0,189354.89143437284
1034,1242,2,1.0,148811.92480949988
1035,2422,4,3.0,266602.78730013326
1036,1626,3,1.5,177782.11907897767
1037,864,3,1.0,97342.17750429366
1038,943,3,1.0,104519.62653902166
1039,1038,2,2.0,152696.46704734926
1040,1342,4,1.0,123643.27037284899
1041,1480,4,1.0,136181.0927373105
1042,1362,4,2.0,147879.060506636
1043,1822,4,2.0,189671.80172150783
1044,1958,3,2.5,230364.29021067772
1045,1651,3,2.0,191262.82092461697
1046,2140,3,2.5,246899.679126127
1047,1651,3,2.0,191262.82092461697
1048,1546,3,2.0,181723.17347339625
1049,1500,3,2.0,177543.89935190906
1050,1270,2,2.0,173774.54522528464
1051,1795,3,2.5,215555.12321497314
1052,1873,3,2.5,222641.7184644514
1053,1743,0,0.5,217374.34696683704
1054,1022,3,1.0,111697.07557374964
1055,1308,3,2.5,171309.3297983588
1056,990,3,1.0,108789.75444575856
1057,1097,3,1.5,129720.46668187503
1058,1873,3,2.5,222641.7184644514
1059,1753,3,2.5,211739.26423448484
1060,1690,3,2.5,206015.4757637524
1061,1842,3,2.5,219825.25112171005
1062,894,3,1.0,100067.7910617853
1063,1025,3,2.0,134388.35135829137
1064,1009,3,2.0,132934.69079429584
1065,1040,3,1.5,124541.80092264092
1066,907,3,1.0,101248.89027003168
1067,879,3,1.0,98704.98428303948
1068,864,3,1.0,97342.17750429366
1069,875,3,1.0,98341.5691420406
1070,1673,3,2.0,193261.60420011086
1071,1932,3,2.5,228002.09179418496
1072,1729,3,2.5,209558.77338849154
1073,1592,3,2.0,185902.44759488342
1074,2439,4,2.5,256937.9444349822
1075,1992,3,2.5,233453.31890916824
1076,1341,1,1.5,186142.8232444301
1077,1476,3,2.5,186572.76572031202
1078,1190,2,2.0,166506.24240530693
1079,1330,3,2.0,162098.75585945637
1080,1491,3,2.5,187935.57249905783
1081,1536,3,2.5,192023.9928352953
1082,936,2,1.0,121010.66652308512
1083,1088,2,1.0,134820.44188104276
1084,1351,3,1.0,141587.97092090797
1085,1179,2,1.0,143088.13633876742
1086,1044,3,1.0,113695.85884924351
1087,2233,5,2.5,221095.04819272808
1088,1408,3,2.5,180394.70832333097
1089,5095,2,2.5,532499.6310198653
1090,1072,2,1.0,133366.78131704722
1091,960,2,1.0,123191.15736907843
1092,1152,2,2.0,163053.7985658175
1093,1195,4,2.0,132706.4783699325
1094,865,2,1.0,114560.0477703549
1095,768,2,1.0,105747.23060113192
1096,864,3,1.0,97342.17750429366
1097,2592,6,2.0,225375.18340217022
1098,1422,3,1.0,148038.5896736382
1099,1298,2,2.0,176318.45121227682
1100,1098,2,1.0,135728.97973353998
1101,1436,3,1.0,149310.5426671343
1102,1461,3,1.0,151581.88729837735
1103,1718,4,2.5,191432.36526993307
1104,1226,2,1.5,158567.6214599006
1105,1755,4,2.0,183584.59810977647
1106,1355,3,2.0,164370.10049069946
1107,1560,3,1.5,171785.76925249604
1108,1488,3,2.0,176453.65392891242
1109,1045,2,1.0,130913.72911530474
1110,1680,4,2.0,176770.56421604735
1111,1020,1,1.0,145769.40096487323
1112,1696,3,2.0,195351.24126085444
1113,2726,2,2.5,317267.01376327523
1114,1215,3,1.0,129231.85612694587
1115,1601,3,2.0,186720.1316621309
1116,1828,3,2.0,207343.94091381764
1117,816,2,1.0,110108.21229311856
1118,845,1,1.0,129869.98854617198
1119,1991,4,2.0,205026.09142871076
1120,1073,3,1.0,116330.61862148544
1121,1001,2,1.0,126916.162564317
1122,1625,2,2.0,206027.63898893574
1123,1299,2,2.0,176409.30499752657
1124,1392,3,2.0,167731.69054493913
1125,1409,1,1.5,192320.88064141115
1126,1478,3,2.0,175545.11607641517
1127,918,3,1.0,102248.28190777861
1128,1026,2,1.0,129187.50719556006
1129,1501,2,2.0,194761.76961797028
1130,2279,4,2.5,242401.33879502676
1131,1689,3,2.0,194715.2647641064
1132,1564,2,2.0,200485.55808870273
1133,1240,3,2.0,153921.91518698147
1134,1312,2,2.0,177590.40420577294
1135,1922,2,2.0,233011.213208103
1136,1491,3,2.0,176726.21528466156
1137,2486,5,3.5,266499.7702897001
1138,1824,3,2.0,206980.5257728188
1139,2034,2,1.0,220768.1227272792
1140,936,0,0.5,144055.34227031184
1141,1092,3,1.5,129266.19775562643
1142,992,2,1.0,126098.4784970695
1143,1092,3,1.5,129266.19775562643
1144,1092,3,1.5,129266.19775562643
1145,1008,1,1.0,144679.15554187656
1146,1356,3,2.0,164460.95427594916
1147,1676,3,1.5,182324.80834146374
1148,1432,3,1.5,160156.4847405317
1149,796,2,1.0,108291.13658812412
1150,1608,3,1.0,164937.3937300864
1151,1178,3,1.5,137079.62328710247
1152,816,2,1.0,110108.21229311856
1153,887,3,1.0,99431.81456503726
1154,1293,2,2.0,175864.18228602823
1155,1024,2,1.0,129005.79962506061
1156,1797,3,1.5,193318.11635668002
1157,1390,1,1.5,190594.65872166643
1158,1851,3,2.0,209433.57797456128
1159,1525,3,2.5,191024.60119754836
1160,1671,3,2.5,204289.25384400768
1161,1776,3,2.5,213828.90129522842
1162,2064,4,2.5,222867.77496633667
1163,2212,3,2.5,253441.15166410696
1164,2687,4,2.5,279469.68317691307
1165,1169,3,2.0,147471.29643425127
1166,1204,2,2.0,167778.19539880304
1167,2798,3,3.5,329100.18424923625
1168,3390,5,3.5,348631.5921554483
1169,2473,4,2.5,260026.97313347273
1170,2698,4,2.5,280469.07481466
1171,2795,4,3.5,311700.6064126756
1172,1714,2,2.0,214113.62587616092
1173,2000,3,2.5,234180.14919116604
1174,1102,2,1.0,136092.39487453888
1175,1857,4,2.5,204061.04141964435
1176,1083,2,1.0,134366.17295479416
1177,2318,3,2.5,263071.6529005774
1178,1875,3,3.0,234032.78324934715
1179,1103,3,2.0,141474.94660776964
1180,874,3,1.0,98250.71535679088
1181,1419,2,2.0,187311.7592274931
1182,1092,3,1.5,129266.19775562643
1183,1365,3,1.5,154069.28112880036
1184,1030,3,1.5,123633.2630701437
1185,948,2,1.5,133310.26916047808
1186,1092,3,1.5,129266.19775562643
1187,1069,2,2.0,155512.93439009064
1188,1387,3,1.0,144858.70718989795
1189,1055,2,2.0,154240.98139659455
1190,1456,3,2.5,184755.69001531758
1191,2589,4,2.5,270566.01222244045
1192,1618,2,2.0,205391.6624921877
1193,1740,4,2.0,182221.79133103063
1194,1868,2,2.0,228105.10880461804
1195,2206,4,2.5,235769.01247179712
1196,2091,3,2.5,242447.84364889067
1197,2253,3,2.5,257166.15685934553
1198,2389,4,2.5,252395.25517249614
1199,2358,4,2.5,249578.78782975476
1200,1792,2,2.0,221200.22112563922
1201,1780,2,2.0,220109.97570264255
1202,1914,3,2.5,226366.72365968997
1203,1565,2,2.0,200576.41187395246
1204,1686,1,2.0,228696.73636998024
1205,1666,2,2.0,209752.6441841743
1206,1456,3,2.5,184755.69001531758
1207,1492,3,2.5,188026.42628430756
1208,1326,3,2.0,161735.34071845753
1209,2373,4,2.5,250941.5946085006
1210,1492,3,2.5,188026.42628430756
1211,1364,2,2.0,182314.80103875845
1212,1511,2,2.0,195670.3074704675
1213,1548,2,2.0,199031.8975247072
1214,1142,2,2.0,162145.26071332028
1215,1598,3,2.5,197656.92752077803
1216,1889,3,2.5,224095.37902844694
1217,2322,4,3.5,268726.7659895574
1218,1976,3,2.5,231999.6583451727
1219,2234,3,2.5,255439.93493960085
1220,2855,4,2.5,294733.1190988663
1221,2726,4,2.5,283012.98080165224
1222,3500,4,3.5,375752.5250137291
1223,2494,4,2.5,261934.9026237169
1224,2799,3,2.5,306772.3236056934
1225,1964,3,2.5,230909.41292217607
1226,1670,2,2.5,221325.41653956947
1227,1504,3,2.0,177907.31449290796
1228,1278,2,2.0,174501.37550728238
1229,2640,3,3.5,314745.28617978026
1230,1716,3,2.5,208377.67418024514
1231,1142,3,1.5,133808.8870181125
1232,1400,3,2.0,168458.52082693687
1233,1131,3,1.5,132809.49538036555
1234,1686,3,2.5,205652.06062275352
1235,1585,3,2.5,196475.82831253164
1236,1837,3,2.5,219370.98219546143
1237,1731,3,2.5,209740.480958991
1238,1398,2,2.0,185403.82973724898
1239,1217,2,2.0,168959.2946070494
1240,1320,3,2.5,172399.57522135548
1241,988,3,1.0,108608.04687525911
1242,1654,4,2.0,174408.36579955462
1243,1211,2,1.0,145995.4574667585
1244,984,3,1.0,108244.63173426023
1245,909,3,1.0,101430.59784053113
1246,925,2,1.0,120011.27488533818
1247,1024,3,1.5,123088.14035864538
1248,912,3,1.0,101703.15919628029
1249,941,3,1.0,104337.91896852221
1250,2646,3,2.0,281662.3372480897
1251,2826,3,2.5,309225.3758074359
1252,1143,1,1.5,168153.77376498526
1253,1223,2,2.5,180713.774532944
1254,1524,2,2.5,208060.76389311012
1255,1080,2,2.5,167721.68324223385
1256,1694,3,2.5,206378.8909047513
1257,1568,3,2.0,183721.95674889008
1258,1193,2,2.0,166778.8037610561
1259,1334,3,2.0,162462.17100045527
1260,1051,3,1.0,114331.83534599157
1261,1770,4,1.5,173738.04767412602
1262,976,2,1.0,124644.81793307397
1263,898,3,1.0,100431.20620278419
1264,1051,3,1.0,114331.83534599157
1265,1141,3,1.0,122508.67601846649
1266,1565,3,2.0,183449.39539314093
1267,1488,3,1.5,165244.29671451612
1268,1440,4,1.5,143756.29854171796
1269,1248,3,1.0,132230.03104018667
1270,816,2,1.0,110108.21229311856
1271,1043,2,1.0,130732.02154480532
1272,1433,3,1.0,149037.98131138514
1273,1624,2,1.0,183518.07077489345
1274,1216,3,1.0,129322.7099121956
1275,1728,3,1.5,187049.20517444925
1276,936,2,1.0,121010.66652308512
1277,1584,4,2.0,168048.60083207412
1278,1246,3,1.0,132048.32346968725
1279,1008,2,1.0,127552.13906106507
1280,1364,3,1.5,153978.42734355066
1281,1336,3,1.5,151434.52135655846
1282,1370,3,1.0,143314.1928406527
1283,1124,3,1.0,120964.16166922123
1284,1050,3,1.0,114240.98156074184
1285,1008,2,1.0,127552.13906106507
1286,1575,2,1.5,190275.5925120534
1287,1145,3,1.0,122872.09115946537
1288,1005,2,1.0,127279.5777053159
1289,1056,3,1.5,125995.46148663646
1290,884,2,1.0,116286.26969009961
1291,2039,3,1.5,215304.7323871126
1292,1384,2,1.0,161713.1623149603
1293,2640,5,2.5,258072.53878936468
1294,1312,3,1.5,149254.03051056515
1295,713,2,1.0,100750.27241239724
1296,715,2,1.0,100931.97998289668
1297,720,1,1.0,118513.26538995681
1298,1595,3,2.0,186175.00895063256
1299,1760,4,1.5,172829.5098216288
1300,1146,3,1.0,122962.9449447151
1301,1207,3,1.5,139714.3830593444
1302,1773,3,2.0,202346.98272508298
1303,1472,2,2.0,192127.00984572835
1304,2448,3,3.0,286092.0021974375
1305,1521,3,1.5,168242.47162775692
1306,1040,2,2.0,152878.1746178487
1307,1556,4,2.0,165504.69484508195
1308,1150,3,1.0,123326.36008571398
1309,1045,3,1.0,113786.71263449323
1310,864,3,1.0,97342.17750429366
1311,1025,3,1.0,111969.63692949881
1312,2014,5,2.0,189988.71200864282
1313,1668,3,1.0,170388.62084506967
1314,1657,4,1.0,152262.2127265112
1315,1416,3,1.0,147493.46696213988
1316,1428,4,1.0,131456.69590432502
1317,1004,2,1.0,127188.72392006617
1318,1951,4,2.0,201391.94001872189
1319,1032,2,1.0,129732.62990705838
1320,844,2,1.0,112652.11828011074
1321,864,2,1.0,114469.19398510517
1322,1376,2,1.0,160986.33203296253
1323,960,3,1.0,106064.14088826692
1324,1566,5,1.5,138076.85900237135
1325,492,1,1.0,97798.60235302034
1326,1182,3,1.5,137443.03842810137
1327,840,2,1.0,112288.70313911187
1328,2104,5,2.0,198165.55268111776
1329,1248,2,2.0,171775.76194979076
1330,960,3,1.0,106064.14088826692
1331,1020,2,1.0,128642.38448406171
1332,1827,2,1.0,201961.38918058685
1333,1162,3,1.0,124416.60550871064
1334,1324,3,1.0,139134.9187191655
1335,816,2,1.0,110108.21229311856
1336,2486,5,2.0,232871.69864651133
1337,1430,3,2.0,171184.13438442856
1338,1330,3,1.0,139680.0414306638
1339,819,2,1.0,110380.7736488677
1340,984,3,1.0,108244.63173426023
1341,1422,3,1.0,148038.5896736382
1342,1921,4,2.0,198666.32646123026
1343,1640,3,1.0,167844.71485807747
1344,1032,2,1.0,129732.62990705838
1345,879,2,1.0,115832.00076385099
1346,1073,2,2.0,155876.34953108954
1347,1064,3,1.0,115512.93455423795
1348,934,2,1.0,120828.95895258567
1349,1059,3,1.0,115058.66562798934
1350,1458,3,1.5,162518.68315702447
1351,1040,3,1.0,113332.44370824462
1352,1967,6,2.0,168591.56762109438
1353,1949,6,2.0,166956.1994865994
1354,872,2,1.0,115196.02426710294
1355,1830,2,1.0,202233.95053633605
1356,1000,1,1.0,143952.3252598788
1357,810,2,1.0,109563.08958162021
1358,1700,2,2.5,224051.0300970611
1359,1350,3,1.5,152706.47435005454
1360,1150,3,1.0,123326.36008571398
1361,2009,4,2.0,206661.4595632057
1362,3672,5,3.5,374252.35959586967
1363,1560,3,2.0,182995.12646689234
1364,1488,3,1.0,154034.93950011983
1365,1057,3,1.0,114876.95805748989
1366,1609,5,1.5,141983.57176810937
1367,2559,4,2.5,267840.39866494876
1368,1440,2,2.0,189219.68871773727
1369,1876,3,2.5,222914.27982020058
1370,1208,2,2.0,168141.6105398019
1371,1846,3,2.0,208979.30904831263
1372,1590,2,2.5,214057.11371959178
1373,1809,3,2.5,216827.07620846925
1374,1614,3,2.0,187901.2308703773
1375,1596,3,2.5,197475.21995027858
1376,1388,3,2.0,167368.27540394024
1377,1100,3,1.5,129993.0280376242
1378,1499,3,2.5,188662.4027810556
1379,1425,3,2.0,170729.86545817996
1380,1749,3,2.5,211375.84909348594
1381,1779,3,2.5,214101.4626509776
1382,1388,3,1.5,156158.91818954397
1383,1282,3,2.0,157737.7741674698
1384,864,3,1.0,97342.17750429366
1385,1762,3,2.5,212556.94830173234
1386,1755,3,2.5,211920.9718049843
1387,1358,1,1.5,187687.33759367536
1388,1909,4,2.5,208785.43825262986
1389,2214,3,2.5,253622.8592346064
1390,2049,4,2.5,221504.96818759086
1391,1939,3,2.5,228638.06829093304
1392,1995,4,2.5,216598.8637841059
1393,848,1,1.0,130142.54990192116
1394,1390,3,2.0,167549.98297443968
1395,1737,3,2.5,210285.6036704893
1396,1611,3,2.5,198838.0267290244
1397,1336,3,2.0,162643.87857095472
1398,1436,3,2.0,171729.25709592685
1399,1012,4,2.0,116080.23566923349
1400,1176,2,1.0,142815.57498301825
1401,1724,3,2.5,209104.5044622429
1402,914,2,1.0,119011.88324759123
1403,2314,3,2.5,262708.2377595785
1404,1072,2,1.0,133366.78131704722
1405,1709,3,2.0,196532.34046910083
1406,936,3,1.0,103883.6500422736
1407,1338,3,2.0,162825.58614145417
1408,1669,4,1.5,164561.81536390417
1409,1482,3,2.0,175908.53121741407
1410,1414,3,1.0,147311.75939164043
1411,498,1,1.0,98343.72506451866
1412,1273,3,1.0,134501.37567142973
1413,1551,3,2.0,182177.44239964485
1414,1340,3,1.0,140588.57928316103
1415,1479,3,1.0,153217.25543287233
1416,1510,3,1.0,156033.72277561369
1417,1636,4,1.5,161563.64045066334
1418,1465,3,2.0,174364.01686816878
1419,1288,4,1.0,118737.16596936402
1420,1550,3,1.5,170877.23139999883
1421,1717,2,1.5,203176.8300175138
1422,1671,4,2.0,175952.88014879986
1423,1609,3,1.5,176237.6047297324
1424,1801,3,1.5,193681.5314976789
1425,2315,4,2.0,234462.71784962047
1426,976,2,1.0,124644.81793307397
1427,1285,3,1.0,135591.62109442637
1428,672,2,1.0,97025.26721715866
1429,641,2,1.0,94208.79987441731
1430,1638,4,2.0,172954.7052355591
1431,729,2,1.0,102203.9329763928
1432,1396,4,2.0,150968.0892051265
1433,936,2,1.0,121010.66652308512
1434,1778,2,2.0,219928.2681321431
1435,1646,2,2.0,207935.56847917987
1436,1625,3,2.0,188900.62250812424
1437,1664,4,2.0,175316.9036520518
1438,1491,3,2.0,176726.21528466156
1439,1210,3,2.0,151196.30162948984
1440,1650,2,1.0,185880.2691913862
1441,1403,2,2.0,185858.09866349757
1442,1960,3,2.0,219336.6405667809
1443,1838,3,2.0,208252.4787663149
1444,1600,3,1.5,175419.92066248492
1445,1368,2,2.0,182678.21617975735
1446,1304,3,1.5,148527.20022856735
1447,874,3,1.0,98250.71535679088
1448,1652,4,2.0,174226.65822905517
1449,630,1,1.0,110336.42471748189
1450,1092,3,1.5,129266.19775562643
1451,1360,3,1.0,142405.65498815547
1452,1092,3,1.5,129266.19775562643
1453,1092,3,1.5,129266.19775562643
1454,1092,3,1.5,129266.19775562643
1455,1092,3,1.5,129266.19775562643
1456,1224,4,1.0,112922.52371338184
1457,970,3,1.0,106972.67874076412
1458,2000,3,2.5,234180.14919116604
